Fraud_Type,Fraud_Count,Total_Fraud_Amount,Avg_Fraud_Amount,Avg_Risk_Score
Fake UPI Link,63,9000601.56,142866.69142857144,82.07936507936508
SIM Swap,63,6576493.71,104388.78904761905,84.36190476190477
Account Takeover,61,6966866.72,114210.92983606557,83.38032786885246
OTP Fraud,57,7529850.17,132102.6345614035,83.78070175438596
Phishing,49,5218489.6,106499.78775510204,84.05714285714286
Social Engineering,46,4570325.85,99354.9097826087,83.49565217391304
Vishing,45,5030058.28,111779.0728888889,87.4888888888889
