UPI_App,Total_Txns,Fraud_Txns,Total_Amount,Avg_Risk,Fraud_Rate_Pct
Amazon Pay,725,57,19092628.99,25.290344827586207,7.86
Bhim,756,62,17600958.29,25.36137566137566,8.2
Google Pay,689,51,17518027.6,25.261103047895503,7.4
Mobikwik,722,53,19452048.53,25.081163434903043,7.34
Paytm,693,53,19755684.52,25.47301587301587,7.65
Phonepe,669,52,17872337.75,25.3796711509716,7.77
Whatsapp Pay,746,56,19408745.56,25.159785522788205,7.51
